<?xml version="1.0" encoding="UTF-8"?>
<project-private xmlns="http://www.netbeans.org/ns/project-private/1">
    <editor-bookmarks xmlns="http://www.netbeans.org/ns/editor-bookmarks/2" lastBookmarkId="0"/>
    <open-files xmlns="http://www.netbeans.org/ns/projectui-open-files/2">
        <group>
            <file>file:/C:/Users/morfeo/Documents/UPV_noblk/DSE-2023/PIC24H_P5/P5_ADC_v2_sin10/P5_ADC_v2/ADC1.c</file>
            <file>file:/C:/Users/morfeo/Documents/UPV_noblk/DSE-2023/PIC24H_P5/P5_ADC_v2_sin10/P5_ADC_v2/ADC1.h</file>
        </group>
    </open-files>
</project-private>
