<?xml version="1.0" encoding="UTF-8"?>
<project-private xmlns="http://www.netbeans.org/ns/project-private/1">
    <editor-bookmarks xmlns="http://www.netbeans.org/ns/editor-bookmarks/2" lastBookmarkId="0"/>
    <open-files xmlns="http://www.netbeans.org/ns/projectui-open-files/2">
        <group>
            <file>file:/C:/Users/morfeo/Documents/UPV_noblk/DSE-2023/PIC24H_P5/P5_ADC_v2/ADC1.c</file>
            <file>file:/C:/Users/morfeo/Documents/UPV_noblk/DSE-2023/PIC24H_P5/P5_ADC_v2/main_P5_ADC_v2.c</file>
            <file>file:/C:/Users/morfeo/Documents/UPV_noblk/DSE-2023/PIC24H_P5/P5_ADC_v2/commons.h</file>
            <file>file:/C:/Users/morfeo/Documents/UPV_noblk/DSE-2023/PIC24H_P5/P5_ADC_v2/ADC1.h</file>
            <file>file:/C:/Users/morfeo/Documents/UPV_noblk/DSE-2023/PIC24H_P5/P5_ADC_v2/utilidades.c</file>
            <file>file:/C:/Users/morfeo/Documents/UPV_noblk/DSE-2023/PIC24H_P5/P5_ADC_v2/timers.c</file>
            <file>file:/C:/Users/morfeo/Documents/UPV_noblk/DSE-2023/PIC24H_P5/P5_ADC_v2/memoria.c</file>
            <file>file:/C:/Users/morfeo/Documents/UPV_noblk/DSE-2023/PIC24H_P5/P5_ADC_v2/CN.c</file>
            <file>file:/C:/Users/morfeo/Documents/UPV_noblk/DSE-2023/PIC24H_P5/P5_ADC_v2/CN.h</file>
            <file>file:/C:/Users/morfeo/Documents/UPV_noblk/DSE-2023/PIC24H_P5/P5_ADC_v2/memoria.h</file>
            <file>file:/C:/Users/morfeo/Documents/UPV_noblk/DSE-2023/PIC24H_P5/P5_ADC_v2/UART2_RS232.c</file>
        </group>
    </open-files>
</project-private>
